Afghanistan,4.33,3.7,6.46,6.73,7.19,11.47,13.71,15.22,17.55,25.85,35.84,10.24,4.07,7.23,4.05,3.3,3.45,7.51,9.25,12.25,19.9,42.78,50.54,56.46,62.8,69.65,74.65,91.35,93.34,91.38,100,110.56,119.74,124.39,125.13,128.17,134.74,141.3
Albania,2.65,2.59,2.59,2.59,2.59,2.6,2.54,2.54,2.54,2.54,2.53,3.5,12.24,26.3,36.41,38.44,54.3,60.87,66,67.01,69.68,72,73.74,77.7,79.53,81.62,83.82,86.82,93.44,95.7,100,102.31,103.37,103.67,105.28,105.87,105.36,106.81
Algeria,3.12,3.57,3.64,3.88,4.21,4.42,4.53,4.93,5.37,6.24,8.12,12.49,15.23,17.31,22.34,28.72,35.62,38.11,36.92,40.93,50.2,49.96,50.61,54.83,61.54,71.46,79.01,84.09,97,86.15,100,118.24,127.09,127.01,126.64,118.32,119.37,127.49
Angola,0,0,0,0,0,0,0,0,0,0,0,0,0,0,0,0,0.04,0.07,0.1,0.68,3.53,7.28,17.67,32.88,46.23,57.35,65.78,73.72,88.23,81.68,100,124.14,131.25,136.18,134.39,129.04,164.75,216.05
Antigua Barbuda,33.37,36.15,40.23,42.31,43.94,47.19,51.03,55.56,62.43,65.29,66.37,68.1,69.77,71.04,73.34,75.1,77.34,78.75,80.42,81.62,82.89,84.12,84.71,83.9,85.27,89.08,89.44,92.78,96.85,98.58,100,101.2,103.71,102.23,104.38,106.95,108.61,110.31
Argentina,0,0,0,0,0,0,0,0,0.01,0.42,9.04,21.05,23.56,23.22,23.88,24.64,24.62,24.51,24.09,23.65,23.89,23.63,30.85,34.09,40.35,44.51,50.63,58.2,71.68,82.7,100,123.7,151.31,187.54,263.09,333.02,466.48,584.73
Armenia,0,0,0,0,0,0,0,0,0,0,0,0,0.03,0.38,15.94,41.63,49.79,58.62,64.89,64.92,64.03,66.63,68.21,71.32,75.83,78.28,81.9,85.36,90.48,92.79,100,104.28,109.86,113.55,116.18,117.59,117.9,120.53
Australia,26.93,29.49,32.95,36.29,39.15,40.96,43.59,46.7,50.11,54.74,58.08,59.84,60.71,61.24,61.87,63.28,64.98,65.79,66.62,66.86,68.58,71.75,73.81,76.1,78.62,81.61,85.76,90.06,94.14,98.85,100,106.26,108.25,108.08,109.64,108.84,108.34,112.35
Austria,49.05,52.34,55.14,57.06,59.88,61.66,63.48,65.02,66.02,67.98,70.01,72.56,75.09,77.16,79.11,80.54,81.34,82.37,82.73,82.94,84.07,85.71,86.69,87.83,89.35,91.62,93.36,95.43,97.3,99.13,100,101.83,103.93,105.61,107.7,110.2,111.4,113.13
Azerbaijan,0,0,0,0,0,0,0,0,0,0,0,0,0.03,0.3,4.41,28.44,35.96,39.28,38.9,39.74,44.71,45.83,47.26,50.1,54.27,63.03,70.15,84.87,108.43,87.91,100,122.57,126.06,126.63,125.93,114.78,131.61,152.61
Bahamas,23.75,27.95,28.98,30.71,31.69,34.37,35.97,38.34,38.91,39.61,41.62,42.69,44.35,43.98,44.94,45.3,45.74,78.64,81.04,85.05,85.83,86.14,89.55,90.58,91.66,96.3,97.1,99.96,101.45,100.39,100,99.14,102.38,101.91,105.23,112.08,114.45,115.91
Bahrain,40.4,48.04,54.63,52.62,52.4,51.44,42.49,42.77,43.63,45.37,47.56,46.66,45.01,43.65,46.85,47.36,47.45,47.9,44.52,45.7,59.4,57.41,59.45,64.47,71.56,81.39,88.58,96.06,106.97,93.07,100,109.74,113.04,113.48,111.58,101.13,101.21,106.98
Bangladesh,14.18,15.58,17.12,18.57,20.03,23.74,25.69,28.55,30.69,33.25,35.42,36.39,37.33,37.39,38.87,41.65,49.62,51.51,53.95,55.98,57.91,59.8,62.13,65.74,68.74,71.9,76.12,81.05,87.42,93.33,100,107.86,116.67,125.04,132.12,139.88,149.3,158.67
Barbados,30.76,34.51,37.92,40.06,42.14,43.63,45.58,48.92,50.27,53.66,55.7,57.49,59.75,62.28,63.08,65.02,66.67,67.3,73.18,76.38,76.94,78.71,79.41,80.28,84.96,90.59,93.39,97.73,99.43,99.68,100,103.74,103.33,102.36,102.26,100.82,97.65,101.73
Belarus,0,0,0,0,0,0,0,0,0,0,0,0,0,0,0.03,0.2,0.3,0.52,0.92,3.83,10.94,19.64,28.46,37.19,45.62,54.27,60.11,67.84,82.24,86.91,100,170.77,299.19,362.72,428.41,497.05,538.51,582.53
Belgium,45.27,47.59,51.2,54.07,57.01,59.65,61.32,62.35,63.7,66.76,68.64,70.61,73.03,75.95,77.54,78.48,78.83,79.54,80.94,81.4,83.05,84.79,86.22,87.91,89.65,91.57,93.68,95.56,97.39,98.15,100,102,104.02,105.1,105.8,106.98,108.68,110.5
Belgium Luxembourg,44.56,46.93,50.63,53.53,56.38,58.91,60.4,61.32,62.69,65.65,67.48,69.36,71.75,74.74,76.41,77.42,78.05,78.62,79.72,80.55,82.2,83.79,85.2,86.93,88.73,90.81,93.32,95.15,97.16,97.98,100,102.29,104.38,105.54,106.36,107.57,108.93,110.81
Belize,59.03,57.72,53.79,57.93,63.41,62.22,64.81,70.73,73.73,75.19,77.3,75.32,78.34,79.64,82.49,87.51,89.23,87.91,89.24,87.24,87.64,87.45,88.98,86.43,88.22,90.59,94.64,99.23,101.94,98.88,100,104.24,106.28,108.13,109.82,110.44,113.57,113.68
Benin,27.17,29.2,33.91,35.52,36.21,34.45,33.21,34.21,34,34.76,35.52,35.79,36.87,37.74,50.97,58.66,62.71,65.01,68.42,74.26,77.48,79.01,81.82,84.32,84.97,88.62,90.48,90.83,96.68,99.12,100,103.73,111.71,113.29,113,113.09,112.77,113.18
Bhutan,14.12,14.74,15.84,16.89,18.58,19.76,21.08,21.16,24.27,25.61,27.07,29.45,32.18,34.82,39.29,42.46,45.88,51.6,57.03,61.27,62.67,65.97,69.19,71.32,74.03,78.36,82.6,85.17,89.99,94.35,100,108.61,118.58,125.53,134.67,139.58,145.5,156.48
Bolivia,0,0,0,0,0.03,4.04,13.34,15.28,17.96,20.33,23.63,27.81,31.49,33.55,36.22,40.36,45.03,47.6,50.96,52.19,54.9,55.92,57.5,61.14,66.01,69.93,79.49,85.35,94.21,91.93,100,114.6,122.74,130.1,132.76,126.63,124.91,132.49
Bosnia and Herz.,66.24,70.8,75.66,80.85,86.41,92.37,98.71,105.43,112.71,120.62,128.73,110.15,91.21,71.5,49.94,54.36,45.09,50.96,50.15,54.34,69.98,72.06,75.27,75.96,77.91,80.12,86.39,91.83,98.45,98.62,100,102.44,103.25,103.02,104.06,105.48,106.97,109.48
Botswana,6.41,6.4,6.64,7.22,8.34,10.24,11.68,13.17,16.16,18.36,19.52,20.53,21.89,24.75,27.09,29.03,33.71,35.49,38.92,44.46,50.76,54.98,55.63,57.45,63.24,73.02,78.48,82.34,86.24,91.81,100,116.41,116.28,116.82,130.72,133.16,149.08,153.78
Brazil,0,0,0,0,0,0,0,0,0,0,0,0,0.03,0.64,15.26,28.92,34.26,36.91,38.73,41.83,44.29,47.94,52.64,60.05,64.71,69.52,74.23,79.02,85.96,92.24,100,108.31,116.9,125.66,135.52,145.78,157.65,163.63
Brunei,67.19,73.26,69.71,61.75,60.96,59.46,40.49,44.83,41.4,45,48.78,47.4,48.22,46.79,42.69,43.92,45.89,49.83,44.02,49.13,63.38,59.84,60.06,63.73,73.85,87.71,96.53,97.61,110,85.7,100,120.18,121.65,118.21,115.84,95.61,86.83,91.13
Bulgaria,0.06,0.06,0.06,0.06,0.07,0.07,0.07,0.07,0.06,0.07,0.08,0.28,0.44,0.67,1.15,1.87,3.8,40.25,53.21,54.51,58.5,62.07,64.41,65.88,69.6,74.14,79.13,87.91,95.06,98.9,100,105.98,107.63,106.87,107.35,109.72,112.19,113.51
Burkina Faso,38.66,43.92,47.89,50.48,53.76,54.17,50.73,51.36,53.11,55.68,56.68,54.43,54.56,53.77,61.64,65.82,66.05,67.07,72.4,75.61,74.99,77.38,80.35,81.54,81.61,84.66,84.1,84.94,91.43,93.63,100,106.71,112.92,110.52,109.83,106.46,110.74,114.55
Burundi,5.84,5.48,5.79,6.16,7.23,7.59,7.27,7.02,7.27,8.34,8.84,9.2,9.7,10.45,11.14,12.93,14.8,19.6,21.84,25.11,34.89,39.68,40.08,44.87,50.77,60.34,62.06,66.34,82.26,89.04,100,114.29,131.91,149.28,161.67,169.53,175.98,211.57
Cabo Verde,35.54,38.94,45.71,50.54,54.97,56.99,67.07,71.74,75.62,78.33,80.17,84.01,80.55,120.31,85.21,83.89,83.44,82.74,82.46,88.74,81.73,85.94,85.63,89.84,84.15,82.64,86.48,94.05,97.38,99.5,100,102.68,103.24,104.72,104.57,106.38,105.49,106.69
Cambodia,23.1,23.66,24.22,24.8,25.41,26.04,26.62,27.26,27.96,28.73,29.08,29.99,30.95,32.02,51.22,55.32,56.99,60.41,66.67,67.51,64.62,66.33,66.81,68.01,71.29,75.62,79.12,84.28,94.6,96.97,100,103.36,104.85,105.67,108.45,110.32,114.13,118.04
Cameroon,24.98,27.18,30.57,34.47,39.14,43.52,43.6,42.56,42.9,42.12,42.81,44.34,43.78,61.2,67.09,70.44,71.19,75.17,78.41,77.53,81.57,82.76,84.29,84.45,86.13,86.78,89.69,90.55,96.54,98.13,100,102.67,105.41,107.56,109.82,110.02,110.05,113.09
Canada,39.78,44.07,47.96,50.73,52.52,54.26,55.93,58.59,61.25,64.14,66.34,68.39,69.42,70.32,71.35,72.97,74.24,75.09,74.95,76.38,79.7,81.02,82.03,84.7,87.47,90.23,92.58,95.66,99.49,97.21,100,103.24,104.5,106.16,108.25,107.43,108.09,110.55
Central African Rep.,27.34,31.13,37.64,41.82,42.42,56.9,54.95,53.68,55.09,56.44,57.48,57.26,58.85,56.83,70.7,77.7,74.95,75.56,75.25,78.33,84.99,85.35,83.33,84.44,80.69,84.07,86.87,88.47,94.73,98.03,100,101.96,104.71,112.03,124.44,132.1,140.45,146.78
Chad,23.79,25.71,28.08,28.08,34.84,33.06,27.46,26.6,29.09,28.72,31.03,31.98,27.85,27.49,39.45,42.94,47.86,49.67,53.02,49.01,51.6,58.72,59.84,59.89,65.72,84.19,92.6,95.65,103.93,93.99,100,108.58,109.77,105.23,105.91,97.28,89.14,95.61
Chile,3.76,4.19,4.51,5.91,6.84,9.69,11.77,14.82,18.03,20.51,25.12,30.5,34.6,38.81,44.43,49.62,51.29,52.86,53.41,54.63,56.96,59.16,61.17,63.97,68.99,74.26,83.29,87.74,87.69,91.77,100,103.11,104.28,106.34,112.64,118.24,123.82,129.58
China,19.85,20.31,20.29,20.52,21.54,23.74,24.85,26.1,29.26,31.78,33.6,35.85,38.79,44.68,53.89,61.26,65.24,66.3,65.71,64.87,66.21,67.56,67.97,69.74,74.59,77.5,80.55,86.83,93.63,93.51,100,108.15,110.74,113.2,114.14,114.25,115.55,120.23
Colombia,0.8,0.98,1.22,1.47,1.8,2.25,2.9,3.58,4.58,5.71,7.2,9.08,11.1,14.2,20.64,24.54,28.67,33.5,38.45,43.31,57.06,60.78,64.41,68.81,73.82,77.92,82.42,86.57,93.11,96.29,100,106.73,109.92,112.11,114.43,117.23,122.95,128.88
Comoros,0.01,0.01,0.02,0.02,0.02,0.02,0.03,0.03,0.04,0.05,0.06,0.09,0.18,0.39,1.16,2.54,6.31,8.25,9.30,15.13,26.37,31.64,39.01,46.03,52.79,60.78,68.27,74.12,85.56,89.07,100.00,114.09,127.03,136.35,145.50,149.10,160.57,184.20
Costa Rica,0.66,0.94,1.72,2.81,3.31,3.88,4.63,5.2,6.27,7.24,8.48,10.7,12.81,14.14,16.35,19.82,22.85,26.18,29.36,32.71,35.83,39.32,43.2,47.83,54.26,61.37,69.37,76.68,85.44,93.83,100,104.55,109.1,113.48,120.06,124.59,126.82,129.33
CÃ´te d'Ivoire,26.24,27.02,29.26,31.91,37.63,37.75,36.99,35.48,35.35,34.99,33.41,33.63,33.62,35.69,52.25,58.02,60.91,64.69,67.04,67.57,69.08,74.19,79.14,82.94,80.54,81.59,83.01,85.45,92.71,94.89,100,101.64,105.82,108.73,112.98,116.49,118.32,119.67
Croatia,23.45,24.78,26.18,27.67,29.23,30.89,32.64,34.5,36.44,38.49,40.71,43.05,45.36,47.95,50.92,53.83,55.86,59.74,64.68,67.1,70.08,73.03,75.57,78.63,81.56,84.33,87.7,91.3,96.5,99.19,100,101.66,103.25,104.06,104.13,104.11,104.02,105.24
Cuba,47.82,46.61,45.57,46.3,47.5,46.47,44.65,44.92,45.48,45.76,48.17,44.61,46.28,55.06,69.54,76.84,74.79,73.78,74.74,77.57,78.92,79.28,82.87,85.34,85.86,86.18,95.11,98.53,98.19,98.81,100,104.32,107.36,110.22,114.03,117.96,120.54,123.74
Cyprus,25.68,28.86,31.84,33.45,36.19,38.24,39.82,41.36,42.68,44.71,47.14,48.97,51.93,54.43,57.3,64.33,65.94,68.56,70.86,72.68,75.48,78.24,78.8,81.91,84.82,88.24,91.31,94.22,98.01,98.03,100,101.91,103.84,102.75,101.14,99.94,99.26,100.77
Czechia,22.39,22.61,22.8,22.95,23.14,23.54,23.55,23.55,23.96,24.63,26.32,35.85,40.28,48.74,54.76,59.75,65.7,71.2,78.28,80.63,82.05,86.06,88.4,89.42,92.88,92.95,93.59,96.89,98.88,101.45,100,100.02,101.48,102.93,105.49,106.72,108.04,109.44
Dem. Rep. Congo,0,0,0,0,0,0,0,0,0,0,0,0,0,0,0,0,0.02,0.06,0.07,0.39,10.64,18.42,24.26,27.52,29.27,38.01,43.07,51.81,62.41,82.79,100,113.79,120.55,123.89,125.12,123.68,129.06,182.85
Denmark,38.25,42.34,46.63,50.07,53.06,55.34,56.62,59.31,61.65,64.71,66.39,68.16,69.29,69.69,70.78,71.69,73.13,74.6,75.52,76.8,79.11,81.11,83.01,84.24,86.01,88.51,90.34,92.54,96.37,96.88,100,100.64,103.03,103.94,105.02,105.75,105.7,107.35
Djibouti,55.5,57.25,58.84,58.72,61.82,64.02,69.52,71.22,74.6,78.14,75.68,79.74,77.8,74.3,80.68,76.21,78.23,73.98,75.11,79.17,81.05,82.55,83.06,84.72,87.32,90.02,86.64,91.03,99.43,98.29,100,103.61,107.41,113.51,114.47,117.18,116.39,116.91
Dominica,30.68,30.67,32.05,34.62,36.91,39.99,42.45,44.51,46.66,49.9,51.41,55.43,57.73,59.34,62.89,64.13,65.94,67.54,67.65,69.61,86.98,88.45,88.61,85.3,88.44,87.48,89.58,90.94,92.32,99.7,100,101.69,99.71,103.62,103.52,108.54,114.91,116.06
Dominican Rep.,1.18,1.24,1.34,1.39,1.64,2.55,2.79,3.19,4.58,5.66,8.52,17.28,18.25,19.16,21.1,23.13,23.98,26.25,27.96,29.03,31.12,33,35.29,47.09,68.36,72.31,77.12,83.01,91.63,94.84,100,108.06,113.57,118.9,121.33,122.11,123.18,127.7
Ecuador,60.77,70.18,63.74,55.04,52.88,51.59,44.53,40.65,35.93,37.86,40.06,42.82,44.66,45.84,52.73,55.48,56.31,60.25,57.97,42.73,39.43,50.63,56.75,62.76,65.44,70.5,76.14,81.2,92.45,93.05,100,105.66,110.93,114.36,117.83,114.89,115.94,117.64
Egypt,5.69,5.76,6.29,6.81,7.57,8.25,9.31,12.2,13.87,16.44,19.47,22.29,26.69,28.94,31.38,34.96,37.45,41.15,42.75,43.12,45.25,46.09,47.56,50.78,56.71,60.23,64.66,72.8,81.68,90.82,100,111.65,133.41,145.04,161.35,177.37,188.45,231.67
El Salvador,30.31,32.55,34.36,34.91,35.97,37.11,36.76,37.63,39.1,40.41,42.47,45.62,47.19,51.24,56.27,62.41,66.52,68.77,71.68,72.39,74.76,77.24,78.4,80.73,82.92,86.46,90.2,94.16,97.48,97.42,100,105.91,108.61,109.03,109.87,110.08,110.76,112.29
Equatorial Guinea,6.86,7.85,11.03,13.76,17.29,26.41,25.64,26.03,27.06,25.76,28.43,29.44,24.9,24.23,30.17,32.49,32.76,28.45,19.47,27.09,44.63,39.29,38.67,38.91,45.5,72.49,81.9,84.38,101.12,80.06,100,117.05,122.73,121.41,119.86,95.64,89.56,100.78
Eritrea,8.57,9.01,9.48,9.96,10.49,11.01,11.57,12.18,12.86,13.39,14.1,15.24,12.06,11.89,13.13,14.42,15.73,16.34,17.83,18.24,22.8,26.24,30.48,37.14,46.35,49.89,55.57,59.62,69.21,89.63,100,113.34,125.57,138.03,152.09,167.17,182.06,197.91
Estonia,24.16,31.52,41.13,53.69,70.09,91.34,119.24,155.87,203.5,263.52,346.3,835.61,19.05,16.3,23.17,35.04,43.67,48.12,51.91,55.78,57.88,61.54,64.64,67.42,70.7,74.99,81.65,91.05,97.87,98.29,100,105.26,108.59,112.45,114.1,115.53,117.37,122.03
Ethiopia,13.29,14.3,14.91,15.31,14.89,19.62,18.59,17.45,17.99,19,19.62,23.36,26.99,30.6,31.5,35.5,35.59,35.66,35.61,36.4,39.85,37.55,36.19,40.81,42.41,46.6,51.98,60.93,79.4,98.58,100,120.06,160.33,168.19,186.66,206.89,228.4,242.85
Fiji,27.57,27.84,31.21,33.34,34.34,37.17,38.3,41.11,44.12,45.38,48.41,51.31,54.52,58.47,58.96,59.64,61.37,63.49,68.24,72.89,69.49,71.82,74.21,80.05,81.84,87.42,90.68,93.36,94.63,95.94,100,109.39,113.3,117.41,121.93,126.96,135.26,139.31
Finland,36.37,40.61,44.29,47.93,51.98,54.7,57.31,59.77,64.35,68.56,72.13,73.25,73.93,75.26,76.65,79.87,79.79,81.48,84.01,84.81,86.19,89.06,89.93,90.12,90.67,91.51,92.34,94.89,97.81,99.65,100,102.58,105.61,108.31,110.14,112.2,113.09,114.15
Former Soviet Union,0,0,0,0,0,0.01,0.02,0.04,0.08,0.21,0.24,0.22,0.06,0.46,2.41,6.6,9.52,11,12.56,19.06,25.34,29.35,33.56,38.13,45.35,53.9,62.16,71.22,85.21,87.48,100,123.49,137.19,146.22,158.39,173.54,183.58,197.25
France,40.16,44.86,50.28,55.12,59.01,62.23,65.37,66.96,69.11,71.37,73.28,75.15,76.63,77.86,78.59,79.49,80.59,81.3,82.09,82.27,83.59,85.29,87.07,88.69,90.17,91.97,94.02,96.48,98.82,98.96,100,101.06,102.37,103.16,103.77,105,105.19,106.23
Gabon,20.62,22.78,26.63,27.41,30.7,30.31,24,24.24,24.87,26.79,30.91,27.4,27.46,27.32,40.03,40.57,46.07,46.51,38.23,45.57,58.37,58.27,58.77,58.64,63.2,75.9,83.39,86.92,104.72,85.79,100,112.68,109.36,102.63,101.76,92.67,88.72,89.88
Gambia,4.47,4.54,5.2,5.34,5.82,8.11,11.4,13.51,14.82,16.86,18.88,44.18,45.04,47.36,49.15,51.09,55.37,52.06,54.88,53.55,54.73,55.72,61.51,69.44,81.14,84.06,85.68,89.36,91.16,95.88,100,103.72,108.33,114.48,122.06,129.84,139.11,150.42
Georgia,0,0,0,0,0,0,0,0,0,0,0,0,0,0.18,10.86,28.53,40.81,43.48,46.5,51.02,53.41,56.28,59.61,61.65,66.81,72.11,78.22,85.81,94.14,92.13,100,109.45,110.63,109.78,113.93,120.64,125.69,133.85
Germany,57.11,59.49,62.22,63.96,65.24,66.62,68.62,69.5,70.67,72.71,75.18,77.5,81.6,84.97,86.81,88.52,89.07,89.31,89.85,90.14,89.73,90.88,92.1,93.22,94.24,94.82,95.11,96.72,97.53,99.25,100,101.07,102.63,104.64,106.52,108.67,110.11,111.8
Ghana,0.03,0.05,0.07,0.15,0.21,0.25,0.36,0.5,0.66,0.85,1.11,1.34,1.49,1.96,2.55,3.65,5.1,6.09,7.13,8.12,10.34,13.94,17.12,22.03,25.19,28.96,52.35,62.1,74.15,85.77,100,113.91,131.24,151.68,176.99,205.96,242.64,275.14
Greece,5.1,6.2,7.89,9.52,11.6,13.81,16.42,18.92,22.08,25.28,30.51,36.55,41.96,48.02,53.39,58.61,63.09,67.22,70.65,73.21,74.38,76.96,79.54,82.29,84.81,86.71,89.74,92.81,96.84,99.33,100,100.8,100.43,98.06,96.27,95.28,94.37,95
Grenada,37.73,38.75,40.36,40.92,43.63,47.45,49.5,52.01,55.52,60.52,60.53,64.57,67.16,68.42,70.61,72.76,74.71,76.04,77.37,78.23,80.47,82.19,82.5,82.44,84.11,86.18,90.2,92.29,99.53,99.52,100,100.22,104.16,107.2,108.03,111.02,113.43,115.84
Guatemala,5.36,5.82,6.11,6.51,6.78,8.06,11.4,12.31,13.74,15.24,21.42,28.48,31,35.5,39.66,43.1,46.93,50.81,55.64,58.44,62.43,59.89,63.75,66.59,70.63,74.61,78.34,83.93,91.85,95.11,100,106.93,110.49,114.21,117.65,121.45,125.94,130.5
Guinea,15.35,15.1,18.34,22.97,27.58,32.49,4.02,5.12,6.23,7.62,8.93,11.24,14.19,14.28,14.49,15.35,15.59,15.81,16.33,17.03,18.1,18.41,18.49,21.44,24.98,31.82,63.84,72.53,84.64,86.14,100,109,121.55,126.83,130.13,134.01,143.57,160.9
Guinea-Bissau,0.04,0.05,0.05,0.07,0.1,0.14,0.29,0.57,1.03,2.05,2.67,4.48,7.39,11.01,13.57,19.65,27.35,36.69,39.66,44.54,80.57,86.02,87.57,83.18,82.02,86.78,84.81,88.52,99.57,97.12,100,114.03,113.06,112.01,111.84,125.38,133.02,140.93
Guyana,0.48,0.5,0.52,0.57,0.67,0.77,0.87,1.38,1.7,4.47,6.99,15.85,17.99,20.78,24.87,27.96,29.07,29.48,30.37,33.77,36,35.32,36.91,38.94,40.84,44.07,74.23,83.66,91.2,94.58,100,107.92,114.07,114.09,113.64,113.37,121.45,123.77
Haiti,8.74,9.91,10.69,11.37,12.56,13.87,15.49,7.69,4.9,4.67,5.88,5.15,3.27,4,12.86,18.13,19.19,21.63,24.69,26.43,29.35,32.77,36.04,45.74,55.58,65.34,74.97,81,91.45,94.83,100,107.51,113.19,120.66,126.1,134.77,150.89,171.05
Honduras,4.51,4.83,5.05,5.4,5.58,5.88,6.1,6.28,6.68,7.16,8.67,10.93,11.93,13.55,17.46,21.81,26.81,32.78,36.59,40.82,53.4,57.72,60.68,64.18,68.32,73.29,77.21,82.33,88.74,95.53,100,107.81,111.67,113.2,120.95,129.34,133.82,139.46
Hong Kong,34.04,37.65,41.29,43.2,47.36,49.9,51.78,56.24,61.19,68.88,74.09,80.86,88.86,96.52,102.62,106.86,113.15,119.67,121.13,116.17,112.23,110.23,106.48,100.09,96.49,96.35,95.83,98.84,100.11,99.73,100,103.9,107.58,109.53,112.65,116.76,118.69,122.17
Hungary,3.8,3.99,4.22,4.43,4.71,4.99,5.17,5.6,6.58,7.82,9.82,13.6,16.53,20.04,23.95,30.35,37.04,44.45,50.48,54.55,59.93,66.66,72.22,76.23,80.03,81.97,84.87,89.46,93.93,97.72,100,102.27,105.73,108.83,112.51,114.63,115.73,119.97
Iceland,29.98,29.7,26.69,23.53,23.4,23.6,29.7,37.85,41.91,38.83,43.77,46.86,49.7,43.08,42.72,47.57,47.43,49.54,51.88,53.7,55.85,60.7,64.27,64.59,66.31,68.02,73.72,76.9,86.02,94.81,100,102.97,106.35,108.35,112.76,119.57,122.1,122.69
India,11.72,12.99,14.04,15.24,16.45,17.63,18.83,20.59,22.28,24.16,26.74,30.42,33.15,36.41,40.05,43.68,46.99,50.03,54.04,55.7,57.73,59.58,61.8,64.19,67.86,70.74,75.28,79.61,86.51,91.76,100,108.54,117.15,124.4,128.54,131.21,135.75,139.82
Indonesia,2.75,3.03,3.27,3.88,4.29,4.55,4.66,5.4,5.81,6.37,6.94,7.55,8.1,9.66,10.41,11.44,12.43,13.99,24.52,27.99,33.72,38.54,40.81,43.05,46.73,53.43,60.96,67.82,80.13,86.76,100,107.47,111.5,117.04,123.41,128.32,131.5,137.08
Iran,0.35,0.44,0.46,0.54,0.65,0.68,0.76,0.92,1.1,1.29,1.58,1.99,2.58,3.77,5.04,6.96,9.07,10.56,11.54,15.38,19.21,22.41,28.96,32.74,40.81,49.04,56.19,69.08,82.5,86.29,100,123.74,153.46,208.04,230.59,231.58,235.3,254.36
Iraq,0.03,0.02,0.02,0.03,0.03,0.03,0.03,0.03,0.04,0.04,0.07,0.14,0.29,0.62,3.08,12.19,10.66,20.42,17.18,29.4,42.24,33.97,36.23,39.06,45.59,60.32,71.18,81.87,106.58,85.77,100,124.69,128.02,128.04,127.15,92.99,80.98,94.1
Ireland,30.52,35.84,41.28,45.71,48.62,51.14,54.49,55.69,57.5,60.67,60.23,61.32,63.04,66.3,67.43,69.47,70.78,73.93,78.9,82.25,87.84,93.42,97.96,101.71,102.27,105.16,108.32,109.75,108.78,103.33,100,99.63,101.69,102.75,102.34,109.79,109.81,109.47
Israel,24.84,25.3,26.49,28.75,26.67,23.87,28.94,32.37,38.58,38.82,42.28,45.4,46.91,45.57,48.47,59.26,65.36,71.1,76.01,80.75,83.03,84.57,88.1,88.06,88.49,89.49,91.27,92.34,94.58,98.26,100,102.4,106.46,108.85,109.98,112.45,113.4,113.57
Italy,20.19,23.99,28.2,32.45,35.95,39.24,42.18,44.72,47.69,50.65,55.16,59.34,61.94,64.34,66.62,69.9,73.09,74.99,76.89,78.13,79.67,82.05,84.8,87.5,89.7,91.4,93.13,95.4,97.77,99.68,100,101.47,102.87,104.12,105.11,106.1,107,107.67
Jamaica,0.69,0.74,0.81,0.94,1.28,1.65,2.09,2.32,2.6,2.92,3.65,5.25,8.4,12.84,16.83,21.07,25.05,27.46,30.36,32.46,35.9,38.7,42.22,47.12,53.18,59.28,64.53,71.83,81.57,91.07,100,105.77,112.72,122.18,130.75,139.4,145.81,155.95
Japan,94.57,97.33,99.03,99.97,101.44,102.72,104.38,104.21,104.86,107.07,109.86,113.08,114.97,115.62,115.93,115.31,114.73,115.31,115.26,113.75,112.18,110.94,109.32,107.55,106.37,105.27,104.34,103.57,102.56,101.93,100,98.33,97.58,97.25,98.95,101.07,101.34,101.13
Jordan,22.98,27.3,28.95,30.74,30.25,30.17,32.05,31.79,33.28,39.7,44.75,47.09,48.44,49.8,53.22,54.22,55.34,56.02,59.4,59.16,58.92,59.38,59.92,61.21,63.1,64.37,71.23,74.82,89.69,92.23,100,106.39,111.17,117.4,121.44,124.2,125.45,127.53
Kazakhstan,0,0,0,0,0,0,0,0,0,0,0,0,0.02,0.27,4.46,11.64,16.17,18.78,19.84,22.48,26.39,29.07,30.76,34.37,39.92,47.05,57.19,66.07,79.9,83.65,100,120.54,126.31,138.31,146.29,148.96,169.28,180.08
Kenya,4.66,5.16,5.76,6.44,7.1,7.69,8.36,8.81,9.38,10.3,11.39,12.82,15.24,19.16,22.42,24.93,35.4,39.45,42.18,43.95,46.62,47.36,47.8,50.76,54.38,57.04,70.47,76.2,87.74,97.95,100,110.8,121,127.45,137.73,151.54,163.87,168.29
South Korea,24.21,28.22,30.05,31.51,32.9,34.21,35.91,37.69,40.36,42.8,47.13,51.6,55.59,59.04,63.82,68.25,71.16,74.05,77.47,76.55,77.38,80.21,82.66,85.47,88.02,88.93,88.8,90.93,93.62,96.94,100,101.58,102.64,103.52,104.14,106.64,108.75,111.21
North Korea,22.74,24.04,24.45,24.97,26.14,28.13,29.47,30.86,33.86,36.54,38.81,41.49,44.71,50.23,58.44,65.13,68.98,70.49,70.64,69.68,70.75,72.07,72.58,74.13,78.25,80.65,83.04,88.43,94.13,94.46,100.00,106.73,109.13,111.36,112.30,112.73,114.06,118.46
Kuwait,49.76,55.46,56.24,49.88,50.06,52.49,39,43.21,44.49,43.72,46.25,46.25,46.37,42.94,40.42,42.38,48.96,46.65,38.65,45.63,55,50.5,53.1,55.72,61.76,75.57,87.79,91.57,108.66,89.96,100,117.23,126,126.29,117.75,87.19,81.84,91.61
Kyrgyzstan,0.01,0.01,0.01,0.01,0.01,0.01,0.01,0.02,0.02,0.02,0.02,0.05,0.42,3.61,10.14,14.4,19.48,23.25,25.36,34.88,44.36,47.62,48.58,50.51,53.09,56.88,62.22,71.48,87.36,90.88,100,122.48,133.08,137.31,148.86,153.97,163.28,170.75
Laos,0.57,0.26,0.2,0.36,0.49,0.81,1.22,1.4,1.76,2.73,3.77,4.26,4.51,5.02,5.41,6.47,7.36,8.78,16.2,36.94,46.1,50.19,53.36,60.54,67.01,72.8,80.66,86.66,94.34,91.58,100,110.47,118.79,126.48,133.72,136.86,141,143.61
Latvia,72.01,73.98,75.67,72.43,71.31,69.56,68.61,68.02,68.1,70.73,87.8,82.87,10.37,17,27.93,42.08,47.38,50.14,52.55,53.33,55.26,56.53,59.41,62.33,66.54,73.98,83.16,99.89,111.62,100.82,100,106.39,110.24,112.06,114.03,114.03,114.34,117.84
Lebanon,7.71,7.33,7.9,8.7,4.23,2.93,3.88,2.58,5.73,9.91,11.44,17.34,38.15,49.25,56.05,61.99,66.75,77.01,80.16,80.75,79.06,77.83,81.67,82.97,81.74,80.82,81.49,84.03,90.45,99.76,100,103.36,110.06,112.48,114.63,117.56,115.58,118.42
Lesotho,6.27,7.05,6.71,7.49,8.09,9.61,11.17,12.48,14.99,17.21,19.27,22.71,25.88,28.8,31.04,35.01,37.12,40.46,44.48,48.09,51.12,56.99,65.09,66.67,73.07,77.4,84.61,84.94,95.87,96.01,100,108.41,111.1,120.99,136.5,150.03,154.45,152.74
Liberia,30.98,31.35,32.79,31.86,33.54,33.93,34.09,39.84,43.41,44.83,44.75,47.23,46.73,50.04,52.71,56.14,59.21,53.29,49.73,50.19,46.73,44.71,44.91,49.26,54.77,60.28,61.27,68.44,73.47,94.81,100,110.49,114.89,118.55,121.74,123.01,129.13,129.46
Libya,21.69,23.44,23.02,23.02,23.51,22.98,21.1,23.03,24.16,23.86,26.43,25.25,27.52,25.91,23.72,24.25,25.81,28.63,25.52,28.44,32.22,34.53,43.94,50.25,61.62,79.22,86.71,96.27,117.28,87.6,100,118.25,128.87,120.28,99.46,84.29,96.09,119.58
Lithuania,0,0,0,0,0,0,0,0,0.01,0.05,0.15,0.5,5.26,21.36,34.53,53.24,63.35,70.6,72.96,72.05,72.97,72.73,72.96,72.37,74.32,79.45,84.8,92.07,101,97.68,100,105.23,108.07,109.46,110.58,110.92,111.98,116.74
Luxembourg,38.54,41.3,45.77,48.89,51.04,52.62,52.58,52.61,54.07,56.25,57.66,58.71,60.9,64.54,66.82,68.38,71.45,70.77,69.35,73.37,74.96,75.3,76.57,78.62,80.95,84.34,90.28,91.62,95.18,96.51,100,104.77,107.45,109.27,111.07,112.54,111.06,113.43
Macau,18.26,19.76,21.28,23.01,26.32,27.14,28.67,32.08,34.92,39.28,43.59,48.67,55.89,61.22,65.35,70.7,72.27,73.46,72.01,71.11,69.92,68.94,68.03,68.08,69.39,73.25,78.97,85.94,94.61,95.44,100,107.49,114.94,123.82,134.52,140.58,141.82,145.04
Macedonia,0,0,0,0,0,0,0,0,0.01,0.04,0.14,0.27,3.76,20.39,51.37,60.15,61.87,64.3,65.2,66.98,76.22,79.82,80.57,81.9,81.76,85.77,88.56,92.62,97.71,98,100,103.72,104.76,109.46,111.04,113.14,117.93,122.02
Madagascar,1.51,1.91,2.46,2.98,3.29,3.63,4.15,5.1,6.18,6.92,7.71,8.71,9.96,11.17,15.82,22.96,27.05,29.03,31.48,34.53,37.03,39.72,45.79,47.06,53.79,63.64,70.94,77.75,84.82,91.92,100,108.23,114.17,119.98,127.93,137.59,146.78,158.94
Malawi,0.27,0.31,0.34,0.38,0.43,0.46,0.53,0.62,0.81,0.99,1.09,1.21,1.37,1.76,2.22,3.93,5.98,7.23,8.65,12.08,15.76,19.8,42.12,46.48,53.38,59.11,70.91,73.82,82.65,89.18,100,114.08,134.22,170.86,206.54,248.95,297.61,337.67
Malaysia,36.16,36.54,37.47,39.69,41.59,40.92,37.36,40.22,41.68,43.54,45.19,46.81,47.94,49.86,51.82,53.7,55.68,57.62,62.51,62.54,68.08,67,69.1,71.38,75.67,82.37,85.65,89.83,99.17,93.23,100,105.41,106.47,106.65,109.28,108.87,111,115.24
Maldives,12.74,13.83,15.26,15.87,16.16,16.85,18.23,15.83,17.43,18,21.55,22.91,25.07,26.92,27.65,31.39,32.85,34.19,33.8,34.74,35.44,53.48,53.74,55.42,60.94,66.52,71.42,78.65,87.34,97.2,100,112.63,120.27,128,133.94,141.82,140.8,140.85
Mali,23.67,26.22,29.67,32.88,35.93,34.67,34.63,33.97,32.52,33.63,36.19,34.08,34.34,35.45,49.47,57.29,56.34,59.49,60.52,70.38,69.94,73.22,75.79,70.03,72.55,78,81.62,85.34,91.1,95.81,100,112.15,117.32,118.14,119.97,123.32,125.2,127.13
Malta,45.87,49.44,51.14,50.98,50.89,51.22,53.02,54.63,55.65,56.85,58.64,60.6,62.76,64.55,66.85,67.37,68.79,72.63,73.63,75.95,81.51,83.72,84.8,83.7,84.59,86.11,88.58,91.06,93.79,96.31,100,102.29,104.36,106.35,109,111.97,113.79,116.67
Mauritania,6.73,7.22,7.95,8.53,9.46,10.43,11.18,12.36,13.02,14.06,14.43,20.41,21.58,24.15,26.83,27.59,28.1,31.5,37.31,39.36,41.48,43.57,47.04,50.71,56.66,62.08,73.54,76.01,83.19,84.12,100,115.9,117.05,120.57,109.53,104.2,108.48,113.03
Mauritius,12.97,14.37,15.65,16.97,18.24,19.73,21.31,24.07,26.69,29.64,32.63,35.43,37.33,40.77,43.44,45.79,48.99,51.5,55.09,58,59.21,63.41,67.13,70.96,75.29,78.49,86.96,94.18,99.54,98.89,100,103.16,105.7,108.61,110.22,111.37,113.8,115.98
Mexico,0.08,0.1,0.17,0.32,0.51,0.8,1.38,3.31,7.04,8.91,11.42,14.07,16.1,17.16,18.67,25.86,32.72,38.86,44.85,52.07,57.88,61.38,64.76,67.37,72.73,77.01,81.93,86.67,92.02,95.65,100,105.84,110.15,111.83,116.72,119.91,126.34,134.09
Middle East,17.81,19.47,20.24,20.05,19.47,19.24,16.3,17.46,17.58,18.42,19.81,20.02,20.61,20.64,21.45,24.13,26.51,28.59,28.8,33.98,39.91,43.07,49.31,54.08,60.02,67.95,75.14,82.02,95.08,89.98,100,113.44,122.49,132.49,137.62,132.02,134.25,145.7
Moldova,0.1,0.21,0.41,0.79,1.59,3.33,5.99,11.34,25.65,68.5,77.75,69.13,5.43,3.51,10.41,13.11,16.77,18.86,19.93,28.86,36.75,41.19,45.24,51.97,56.12,61.36,69.59,80.66,88.12,90.03,100,107.26,115.73,120.51,128.2,140.79,148.83,158.17
Mongolia,0.21,0.2,0.21,0.21,0.2,0.2,0.18,0.18,0.19,0.2,0.25,0.47,1.3,5.44,8.93,14.32,15.86,19.3,18.93,20.99,23.51,25.96,27.62,30.44,35.53,42.67,52.05,58.1,70.56,71.85,100,115.12,129.84,133.61,143.56,146.05,149.15,164.95
Morocco,37.34,40.88,43.45,46.48,49.36,53.78,57.81,59.55,61.74,63.54,68.43,72.13,75.43,77.72,78.23,84.13,84.5,85.1,85.43,85.92,85.28,85.84,86.88,87.8,88.87,89.93,91.32,94.6,98.89,99.03,100,99.31,99.68,100.98,101.18,102.91,105.17,105.17
Mozambique,0.15,0.16,0.18,0.21,0.24,0.32,0.36,1.02,1.52,2.24,3,5.74,7.6,11.25,16.97,25.42,34.37,38.02,40.3,43.76,48.53,55.62,61.72,64.75,69.6,73.92,79.76,85.12,91.91,92.9,100,103.33,109.38,113.67,116.66,121.77,136.7,150.06
Myanmar,0.68,0.71,0.74,0.75,0.77,0.78,0.83,1.01,1.26,1.99,2.36,2.92,3.56,4.85,5.92,7.08,8.71,11.65,15.83,19.41,19.89,24.83,35.14,42.34,43.87,52.27,63.41,78.4,89.07,93.42,100,110.25,113.71,118.68,123.64,128.75,133.33,147
Namibia,5.87,6.08,7.11,8.06,9.09,11.26,12.39,13.56,16.3,18.76,19.96,21.16,23.34,25.36,30.6,32.62,37.5,40.1,43.44,46.35,52.07,57.93,64.14,64.79,66.02,69.67,76.13,81.39,90.27,96.56,100,103.81,117.18,127.48,135.46,138.15,151.98,162.35
Nepal,7.43,8.02,8.77,9.84,10.47,11.67,13.35,15.04,16.82,18.71,20.72,23.32,27.63,30.6,32.08,34.1,36.77,39.44,41.06,44.71,46.71,51.86,53.9,55.55,57.87,61.41,65.93,70.94,74.93,86.85,100,110.81,118.16,125.94,137.71,144.52,151.85,163.37
Netherlands,54.09,57.55,60.21,61.05,62.46,63,63.13,62.47,62.98,63.83,64.83,66.85,68.52,69.61,71.05,72.51,73.38,75.3,76.85,77.95,80.77,84.15,87.2,89.09,90.29,92.04,94.39,96.38,98.76,99.16,100,100.14,101.56,102.95,103.11,103.94,104.55,105.74
New Zealand,24.68,28.54,32.56,35.07,37.94,43.12,49.88,58.61,62.28,65.47,66.38,67.33,68.52,69.37,70.52,71.83,73.01,73.48,74.1,74.67,77.26,79.94,79.92,81.72,84.63,86.36,88.93,93.05,95.91,96.4,100,102.07,101.56,106.49,107.09,107.82,111.24,115.04
Nicaragua,0,0,0,0,0,0,0,0,0,0,0.16,7.18,8.88,10.69,24.99,28.34,31.06,34.09,38.88,42.46,46.1,49.44,51.05,53.77,58.63,64.42,69.72,76.47,88.85,94.22,100,110.21,117.1,122.19,132.44,140.9,147.79,155.05
Niger,34.54,38.21,42.26,45.98,51.37,48.34,46.3,47.09,44.58,45.22,44.49,42.21,42.67,42.61,56.55,59.62,62.44,64.37,66.3,67.63,70.69,73.5,75.71,75.44,76.57,81.6,81.88,85.62,91.92,97.51,100,104.4,109.39,111.07,110.94,112.08,112.35,112.22
Nigeria,0.23,0.28,0.29,0.33,0.37,0.39,0.44,0.73,0.9,1.31,1.43,1.68,2.83,3.57,4.67,9.96,13.21,13.35,12.59,14.74,19.93,19.87,27.79,30.89,30.84,37.63,44.16,46.26,51.28,49.06,100,109.51,119.66,126.69,132.6,136.4,149.41,166.02
North Africa,12.68,13.76,14.66,15.71,16.78,17.93,19.02,20.81,22.24,24.01,26.9,30.05,33.47,35.39,37.91,42.44,45.77,48.83,49.08,50.87,54.75,55.47,57.21,60.46,65.9,71.87,76.81,82.81,92.7,91.07,100,111.33,123.45,127.78,132.79,135.97,142.27,163.37
Norway,26.55,29.97,33.12,35.43,37.63,39.59,39.37,42.21,44.27,46.75,48.53,49.61,49.29,50.42,50.34,51.88,54.09,55.6,55.22,58.9,67.99,69.1,67.93,69.88,73.95,80.43,87.49,90.16,99.56,94.38,100,106.75,110.33,113.14,113.52,110.31,109.08,113.28
Oceania,26.47,29.13,32.6,35.83,38.65,40.8,43.84,47.51,50.92,55.31,58.36,60.03,60.94,61.51,62.22,63.64,65.27,66.06,66.92,67.24,69.08,72.21,74.08,76.33,78.86,81.75,86.07,90.31,94.33,98.48,100,105.86,107.57,108.03,109.52,108.87,108.92,112.92
Oman,46.98,48.71,45.44,40.9,38.97,38.77,30.77,34.21,34.66,34.66,43.27,39.59,40.09,37.93,37.76,38.43,41.28,40.35,34.96,39.05,46,43.9,45.97,50.72,57.32,70.2,79.76,86.36,115.5,86.48,100,117.15,120.95,119.28,119.24,96.75,89.03,97.05
Pakistan,6.44,7.08,7.75,8.16,8.94,9.35,9.66,10.09,11.06,12.01,12.79,14.46,15.91,17.3,19.52,22.23,24.09,27.32,29.38,31.1,38.84,41.9,42.94,44.84,48.32,51.71,61.56,66.04,74.76,90.21,100,119.64,126.79,135.62,145.67,151.66,152.26,158.35
Panama,52.66,54.58,57.24,61.53,62.53,63.04,63.25,64.7,64.57,63.75,64.11,64.43,67.69,70.09,72.67,73.01,72.32,73.49,74.22,74.84,73.91,74.67,75.92,76.78,78.29,79.65,81.22,85.14,91.55,97.48,100,105.84,112.38,118.57,123.54,127.32,129.1,131.05
Papua New Guinea,11.07,10.93,11.33,13.44,14.44,14.68,14.87,16.06,17.33,16.89,17.59,18.82,19.36,18.88,20.25,23.46,23.88,25.9,29.66,32.95,37.26,39.84,44.74,47.22,46.27,51.91,85.36,85.65,95.64,90.97,100,108.83,108.22,112.09,115.51,110.42,118.28,124.8
Paraguay,1.44,1.69,1.79,2.05,2.59,3.26,4.23,5.58,7.16,9.48,13.13,16.76,19.13,21.46,24.16,26.84,29.9,30.92,35.04,37.79,42.23,46.89,53.89,60.47,65.91,72.55,76.96,84.48,92.36,94.25,100,106.21,111.25,112.18,117.95,118.05,124.28,131.17
Peru,0,0,0,0,0,0,0,0,0,0.05,3.31,15.97,26.9,39.55,49.64,56.38,61.85,66.35,69.91,71.97,74.5,74.84,74.92,76.27,81.06,83.9,90.33,91.67,92.69,94.6,100,106.75,108.03,109.19,112,114.92,118.23,122.88
Philippines,6.76,7.55,8.2,9.37,14.37,16.9,17.4,18.71,20.51,22.36,25.26,29.44,31.78,33.95,37.34,40.16,43.23,45.93,56.2,59.91,63.33,66.84,69.62,71.85,75.82,80.23,84.2,86.81,93.36,95.95,100,104.02,106.07,108.24,111.66,111,112.89,115.51
Poland,0.27,0.38,0.54,0.78,1.11,1.59,2.25,3.26,4.66,6.56,9.17,14.24,19.74,25.79,35.39,45.29,53.42,60.72,67.42,71.57,75.95,78.32,79.77,80.38,84.33,86.5,87.99,91.26,94.79,98.37,100,103.23,105.65,105.96,106.49,107.29,107.74,109.9
Portugal,8.99,10.58,12.77,15.91,19.83,24.14,29.08,32.02,35.59,39.33,44.5,48.99,54.6,58.63,62.89,65.05,66.6,69.19,71.85,74.29,76.86,79.71,83.07,85.93,87.98,90.91,93.81,96.6,98.28,99.36,100,99.73,99.33,101.59,102.35,104.43,106.01,107.46
Puerto Rico,29.82,32.59,34.78,36.71,38.43,39.47,40.79,42.1,43.66,44.66,49.95,51.51,52.84,53.84,55.55,57.09,59.32,60.11,63.94,64.88,67.02,70.71,72.51,75.71,74.73,79.66,84.03,87.21,92.94,97.57,100,102.37,103.58,104.8,106.06,107.98,112.91,115.94
Congo,17.59,22.48,23.84,25.35,28.42,29.13,20.63,22.21,20.82,23.48,23.24,22.89,22.53,22.28,30.47,31.5,37.17,39.01,31.9,41.27,60.68,52.23,51.33,49.14,57.4,69.65,82.54,83.47,104.36,82.83,100,110.67,109.38,105.37,99.4,69.89,66.02,75.64
Romania,0.02,0.03,0.03,0.02,0.02,0.02,0.03,0.03,0.03,0.03,0.02,0.06,0.19,0.63,1.5,2.16,3.11,7.32,10.85,16.22,23.21,32,39.24,48.43,55.93,62.7,69.31,80.18,92.9,96.59,100,104.01,108.83,112.55,114.45,117.41,119.81,126.14
Russia,0,0,0,0,0,0,0,0,0,0,0,0,0.05,0.54,2.19,5.36,7.81,8.98,10.65,18.36,25.28,29.45,34.01,38.7,46.55,55.54,63.96,72.79,85.86,87.58,100,123.64,134.88,142.17,152.83,165.6,171.47,180.4
Rwanda,8.69,9.36,9.82,10.06,11.75,12.29,11.43,11.5,11.76,12.38,14.05,16.15,17.33,19.73,23.13,34.98,38.8,44.87,45.86,42.95,44.15,44.65,42.4,51.64,58.41,63.75,70.49,78.78,90.03,97.46,100,108.35,114.05,119.2,122.83,123.19,129.95,139.46
Samoa,15.51,16.03,16.61,19.58,22.69,23.04,22.97,24.01,28.42,27.62,30.11,31.95,34.69,34.92,58.74,54.64,57.15,63.91,66.1,67.74,69.7,71.39,73.12,75.04,80.3,80.99,88.49,88.37,95.97,98.31,100,102.31,106.37,108.19,108.51,111.49,109.73,111.1
Sao Tome Principe,30.98,35.32,32.95,32.06,35.53,34.39,51.17,52.72,44.13,42.6,52.7,47.22,41.12,53.91,55.1,42.65,54.78,36.88,28.3,29.52,28.97,28.02,31.36,36.21,40.4,48.17,55.46,63.35,82.65,88.91,100,107.78,122.45,135.57,146.7,152.84,165.15,172.95
Saudi Arabia,41.04,45.84,48.74,49.32,48.86,48.36,35.36,37.75,34.37,37.32,39.97,39.06,38.95,38.3,38.72,40.97,44.18,45.71,39.34,45.04,49.97,49.15,52.08,53.29,59.18,71.1,79.33,86.02,101.24,85.33,100,115.53,120.17,118.71,116.01,96.4,93.46,99.83
Senegal,30.21,33.53,36.8,40.22,43.35,47.25,49.96,49.16,48.48,49.21,49.2,48.85,48.39,48.33,64.71,69.48,72.47,73.96,76,76.26,77.74,79.78,82.41,82.83,83.27,85.34,88.75,93.46,99.91,98.18,100,104.12,106.71,104.23,103.15,103.48,104.63,107.25
Serbia,0.02,0.03,0.04,0.06,0.08,0.12,0.18,0.25,0.37,0.54,0.78,1.12,1.63,2.4,1.72,3.17,5.88,6.96,8.73,11.63,20.76,39.29,46.38,52.22,56.96,65.13,72.85,78.84,87.21,94.45,100,109.56,116.42,122.76,126.08,129.46,132.74,136.5
Seychelles,20.16,22.81,22.85,23.82,24.52,24.89,26.57,27.67,28.74,29.11,31.09,30.46,31.88,33.19,33.51,33.25,32.74,33.09,34.54,35.25,36.65,38.91,40.32,42.71,53.25,53.5,54.27,60.67,81.88,104.4,100,104.5,113.54,118.13,120.83,123.36,122.38,125.27
Sierra Leone,0.02,0.02,0.02,0.03,0.04,0.06,0.11,0.3,0.5,0.81,1.38,3.15,5.74,7.28,9.1,12.16,15.75,16.11,19.94,23.37,24.13,41.95,40.31,45.61,51.45,60.01,67.4,71.99,79.18,85.34,100,117.37,131.51,140.61,143.14,170.14,173.17,198.58
Singapore,59.04,62.59,65.37,67.44,67.96,66.99,66.16,66.53,70.21,73.12,76.52,79.91,80.7,83.45,86.52,89.36,90.68,91.62,90.37,86.85,90.1,88.08,86.98,85.49,89.12,91.11,92.67,98.11,96.64,100.05,100,101.25,101.8,101.57,101.31,104.95,104.91,105.82
Slovakia,21.99,22.22,22.4,22.54,22.74,23.13,23.13,23.14,23.54,24.2,25.86,34.81,38.79,44.84,50.87,55.9,58.39,61.22,64.28,68.97,75.43,79.27,82.4,86.81,91.83,94.08,96.82,97.91,100.69,99.52,100,101.65,102.93,103.46,103.3,103.14,102.68,103.99
Slovenia,0.01,0.01,0.02,0.05,0.09,0.16,0.3,0.57,1.15,2.12,3.56,6.95,21.41,29.35,35.98,46.49,51.79,56.15,60.3,64.28,67.78,73.65,79.24,83.72,86.49,87.84,89.76,93.5,97.72,101,100,101.12,101.58,103.21,104.03,105.04,105.98,108.07
Solomon Is.,22.66,24.41,24.69,22.43,22.39,21.04,18.83,18.25,20.51,19.27,23.42,25.12,28.43,32.29,34.53,36.9,41.38,43.97,46.44,47.98,53.11,55.1,61.84,62.89,67.4,70.97,73.99,78.34,87.31,93.62,100,114.62,120.36,123.18,126.25,130.14,134.86,137.07
South Africa,4.6,5.07,5.77,6.73,7.5,8.76,10.27,11.75,13.53,15.86,18.32,21.19,24.27,27.42,30.03,33.1,35.71,38.55,41.54,44.48,48.41,52.09,58.47,61.86,65.9,69.49,73.83,80.37,87.46,94.03,100,106.53,112.16,119.06,125.67,132.1,141.05,148.86
South America,0.03,0.04,0.04,0.06,0.07,0.11,0.14,0.19,0.29,0.65,2.37,4.38,5.23,6.24,15.97,25.03,29.79,32.51,34.34,36.9,39.99,42.87,47.82,54.22,59.67,64.9,70.42,75.66,83.65,89.63,100,110.83,120.71,133.22,151.86,173.6,177.38,205.73
South Asia,11.15,12.35,13.4,14.53,15.72,16.98,18.14,19.82,21.47,23.34,25.8,28.87,31.3,34.19,37.48,40.89,44.29,47.27,50.96,52.66,55.17,57.39,59.58,62.06,65.69,68.72,73.7,78.28,85.34,91.4,100,109.27,117.85,125.26,130.06,133.25,137.82,142.61
Southeast Asia,18.99,20.1,20.97,22.03,23.1,23.39,22.93,24.12,25.63,27.22,28.96,31.03,32.38,34.56,36.58,38.71,40.45,42.4,49.26,50.61,54.64,56.91,58.8,60.68,64.32,70.02,75.33,80.57,89.19,91.98,100,106.47,109.7,112.9,116.75,119.13,121.45,125.71
Somalia,0.01,0.01,0.02,0.02,0.02,0.02,0.03,0.03,0.04,0.05,0.06,0.09,0.18,0.39,1.16,2.54,6.31,8.25,9.30,15.13,26.37,31.64,39.01,46.03,52.79,60.78,68.27,74.12,85.56,89.07,100.00,114.09,127.03,136.35,145.50,149.10,160.57,184.20
Spain,20.26,22.76,25.85,28.93,32.07,34.83,38.62,40.91,43.34,46.33,49.72,53.17,56.74,59.31,61.61,64.65,66.9,68.49,70.23,72.1,74.46,77.5,80.69,83.85,87.14,90.75,94.36,97.51,99.59,99.84,100,100.03,100.1,100.45,100.26,100.87,101.15,102.12
Sri Lanka,4.3,5.2,5.83,6.82,8.2,8.25,8.74,9.42,10.37,11.5,13.81,15.27,16.71,18.36,20.16,22.03,24.42,26.59,29.04,30.25,32.46,36.89,39.88,43.37,47.19,52.11,57.98,66.12,76.91,81.43,100,103.83,115.07,122.25,125.81,126.63,131.8,142.66
Saint Kitts and Nevis,31.33,36.15,38.42,38.27,39.7,40.43,43.18,45.6,49.06,51.85,55.75,57.29,60.06,61.08,64.47,65.83,66.12,69.25,71.23,73.61,71.71,74.55,76.15,76.18,79.4,78.9,90.77,96.33,99.36,100.27,100,104.34,102.35,103.4,104.97,104.58,106,108.31
St Lucia,34.89,37.7,40.17,41.31,42.55,43.57,45.81,48.59,49,50.9,53.94,56.93,58.28,58.74,60.25,63.24,63.52,65.28,66.91,68.53,69.23,67.92,68.1,71.86,72.64,77.65,87.16,97.22,92.35,89.91,100,103.38,103.13,103.43,107.97,112.52,111.9,111.92
Saint Vincent and the Grenadines,35.29,41.83,44.61,46.93,48.63,49.4,51.66,56.15,56.27,59.36,63.8,66.88,68.57,67.76,69.36,70.27,72.78,73.76,76.13,77.52,77.35,82.53,83.37,80.76,84,86.48,89.08,96.57,96.59,95.75,100,99.67,100.76,102.98,102.54,105.08,104.98,106.58
Sub-Saharan Africa,1.54,1.74,1.99,2.39,2.71,3.1,3.51,4.08,4.68,5.51,6.3,7.23,8.47,9.72,11.43,14.58,17.86,19.54,20.71,24.41,31.26,34.6,41.53,46.25,49.99,56.15,63.23,68.22,76.49,79.38,100,110.25,120.1,127.84,135.22,140.04,151.05,167.16
Sudan,0.01,0.02,0.02,0.03,0.03,0.05,0.06,0.08,0.15,0.2,0.33,0.63,1.31,2.58,6.7,13.7,18.16,26.81,31.54,36.53,40.13,40.78,43.79,48.03,55.56,60.35,66.01,70.41,80.44,83.63,100,121,163.2,220.17,294.79,347.57,338.03,449.11
Suriname,0.02,0.02,0.02,0.02,0.02,0.03,0.03,0.03,0.04,0.04,0.06,0.06,0.09,0.22,1.2,4.48,4.98,5.07,5.08,10.32,15.97,21.59,31.52,38.79,43.57,50.32,71.26,75.84,87.61,93.29,100,113.84,126.07,126.55,128.55,125.85,164.29,200.07
Swaziland,5.96,6.17,7.11,7.45,8.27,8.77,9.99,10.1,12.53,12.9,16.81,18.29,20.34,23.87,26.49,30.9,33.28,37.05,39.79,41.93,52.56,57.26,62.36,66.11,68.67,73.17,76.13,79.94,88.28,96.9,100,105.34,113.82,118.92,125.86,135.37,142.49,150.04
Sweden,31.81,34.6,37.4,41.12,44.26,47.1,50.08,52.44,55.89,60.31,66.03,71.47,72.2,73.8,75.68,78.56,79.38,80.62,81.25,82.01,83.29,85.37,86.74,88.26,88.64,89.35,90.98,93.6,96.71,99.02,100,101.18,102.26,103.34,105.17,107.35,109.06,111.33
Switzerland,55.12,58.25,62.53,64.01,66.41,67.92,69.98,71.52,73.51,76.05,79.55,83.86,85.64,87.63,88.67,89.32,89.47,89.1,88.99,89.1,90.43,91.35,91.12,92.15,92.47,93.1,95.06,97.35,99.32,99.68,100,100.34,100.17,100.19,99.57,98.97,98.41,98.76
Syria,5.63,6.59,6.75,7.09,7.6,7.91,10,12.54,16.12,19.88,23.73,25.53,26.84,28.41,32.28,34.44,39.92,42.32,42.19,45.33,49.73,52,51.32,51.62,56.96,63.77,68.74,76.97,96.15,92.91,100,111.12,108.44,106.02,96.84,88.78,83.25,98.59
Taiwan,62.44,69.91,72.11,74.35,75.73,75.88,79.91,80.77,81.08,84.36,87.38,90.64,94.02,97.25,98.92,101.2,104.23,107.12,111.16,109.98,109.74,108.79,108.42,107.42,107.44,105.96,104.81,104.3,101.2,102.07,100,97.01,98.15,99.49,99.2,97.47,97.03,101.74
Tajikistan,0,0,0,0,0,0,0,0,0,0,0,0,0,0.04,0.14,0.62,3.3,5.44,10.23,12.94,15.87,20.67,24.55,31.18,36.64,40.13,48.58,61.82,79.23,88.92,100,113.32,126.77,132.29,139.51,139.69,147.06,154
Tanzania,5.38,6.24,6.56,6.78,6.03,6.35,4.41,2.94,3.29,3.97,4.87,6.23,7.81,9.73,12.76,16.18,19.31,23.29,29.65,32.89,35.38,37.25,39.9,43.27,46.31,58.56,68.21,72.26,83.78,91.54,100,111.55,123.53,133.01,139.71,148.86,158.03,166.04
Thailand,31.43,34.07,35.79,37.09,37.63,38.45,39.09,40.93,43.36,46.01,48.66,51.46,53.77,57.26,59.94,63.38,65.97,68.89,74.45,72.53,73.49,74.9,76.17,77.81,80.58,84.69,89.01,91.21,95.89,96.08,100,103.74,105.72,107.6,109.16,110.09,112.69,115.3
Togo,26.07,29.37,31.45,35.94,36.61,37.86,39.98,40.64,41.69,42.1,43.36,44.52,45.96,42.19,57.32,63.67,67.1,68.47,75.01,75.84,72.59,78.21,83.07,74.91,77.17,83.15,82.5,84.69,97.04,98.84,100,107.53,114.26,112.24,116.55,120.64,123.21,125.63
Tonga,12.6,13.63,14.7,15.91,16.95,18.69,21.71,24.1,26.28,28.07,31.51,34.49,37.06,37.09,47.16,45.76,48.08,47.71,48.78,51.92,53.52,55.25,59.99,65.58,69.44,74.04,86.8,92.14,98.76,96.45,100,105.79,108.33,109.13,110.08,111.63,113.52,117.03
Trinidad and Tobago,22.99,24.74,27.74,29.5,31.28,31.66,31.27,32.79,34.15,36.6,42.27,43.12,44.93,49.27,55.81,57.67,58.73,56.65,55.6,57.99,64.98,66.79,63.33,69.96,76.18,86.32,87.82,99.02,122.58,88.7,100,115.73,115.47,118.85,121.3,106.67,108.41,111.71
Tunisia,19.14,21.33,24.74,27.88,29.83,30.9,31.99,33.65,36.24,39.44,41.2,44.1,46.61,48.8,51.01,53.74,56.08,64,66.09,68.32,70.56,73.32,75,77.01,79.59,82.91,86.1,87.91,93.49,96.32,100,104.28,109.39,113.57,118.58,122.83,129.66,137.09
Turkey,0,0,0,0,0.01,0.01,0.01,0.02,0.03,0.05,0.07,0.11,0.19,0.32,0.65,1.21,2.14,3.88,9.46,14.6,21.8,33.34,45.86,56.56,63.6,68.12,74.5,79.13,88.66,93.45,100,108.19,116.21,123.5,132.67,143.05,154.63,171.35
Turkmenistan,0,0,0,0,0,0,0,0,0,0,0,0,0,0.01,0.07,0.53,5.9,9.54,11.22,13.8,17.04,22.55,28.22,35.88,42.47,45.45,51.02,55.75,89.05,97.75,100,112.86,122.19,123.6,124.43,118.01,112.3,123.45
Uganda,0.29,0.07,0.05,0.08,0.1,0.21,0.51,1.43,4.14,8.91,12.87,16.22,23.53,30.62,32.72,35.78,37.42,38.58,41.97,41.92,46.58,48.69,47.15,50.83,58.75,57.73,59.12,63.45,67.48,90.44,100,104.63,127.15,132.27,136.77,143.62,148.68,157.58
United Kingdom,30.51,34.03,36.55,38.42,40.35,42.55,44.41,46.87,49.73,53.68,57.92,61.63,63.69,65.41,66.3,73.46,76.46,77.17,78.07,78.71,80.32,81.01,82.82,84.82,86.94,89.24,91.94,94.32,96.98,98.45,100,102.01,103.61,105.58,107.39,107.88,110.01,112.17
Ukraine,0,0,0,0,0,0,0,0,0,0,0,0,0,0.13,1.35,6.96,11.56,13.64,15.28,19.47,23.97,26.36,27.71,29.98,34.53,43.01,49.4,60.65,77.98,88.17,100,114.2,123.1,128.44,148.87,206.75,242.19,295.74
United Arab Emirates,37.14,39.76,40.28,38.83,36.46,36.73,36.11,37.44,38.33,39,40.3,40.63,41.36,41.89,41.78,43.41,45.92,45.48,43.55,47.22,52.63,51.4,53.33,55.51,60.23,70.18,78.57,88.42,104.81,88.9,100,113.17,115.7,114.69,113.53,96,92.93,98.79
United States of America,43.84,47.93,50.91,52.92,54.8,56.55,57.69,59.16,61.23,63.61,65.97,68.16,69.72,71.38,72.9,74.42,75.77,77.07,77.91,79.1,80.9,82.74,84.01,85.69,88.04,90.88,93.67,96.16,98.05,98.79,100,102.06,103.94,105.62,107.52,108.68,110.07,112.05
Uruguay,0.02,0.03,0.03,0.05,0.08,0.13,0.23,0.4,0.7,1.23,2.53,5.09,8.12,12.01,16.69,23.54,29.77,37.95,42.65,44.49,46.07,48.29,54.38,63.38,69.79,70.26,74.85,81.9,88.47,95.32,100,109.01,118.34,127.99,139.98,152.6,163.81,170.41
Uzbekistan,0,0,0,0,0,0,0,0,0,0,0,0,0,0.02,0.24,1.15,2.09,3.47,4.82,6.95,10.24,14.87,21.62,27.4,31.71,38.49,47.58,57.77,73.26,85.87,100,116.57,133.95,153.08,171.37,186.92,200.71,238.78
Vanuatu,33.39,35.88,35.29,35.92,40.3,38.91,37.75,43.96,48.28,51.39,50.88,56.12,57.68,58.86,60.24,61.27,62.54,64.53,69.8,71.94,73.51,76.25,78.37,78.99,80.67,81.01,84.14,88.75,95.25,97.45,100,103.1,103.53,106.28,108.38,111.08,113.51,116.43
Venezuela,0.05,0.06,0.06,0.06,0.07,0.08,0.08,0.11,0.14,0.26,0.36,0.44,0.57,0.74,1.21,1.84,3.96,5.49,6.53,8.23,10.66,11.51,15.31,20.66,27.68,35.87,42.3,48.83,63.54,68.52,100,128.15,146.17,198.06,278.16,510.09,82.33,241.06
Vietnam,0.26,0.1,0.07,0.1,0.14,0.03,0.13,0.62,3.17,5.38,7.65,13.2,17.51,20.56,24.05,28.14,30.59,32.61,35.49,37.53,38.81,39.82,41.69,44.66,48.42,57.53,62.46,68.48,84.01,89.23,100,121.26,134.51,140.91,146.07,145.8,147.41,153.5
Yemen,4.72,4.93,5.59,6.02,5.56,4.72,3.99,3.97,4.71,5.42,5.75,6.44,7.28,8.48,10.24,14.92,20.41,23.12,21.19,28.28,34.88,35.84,38.96,43.21,49.3,58.44,66.38,73.61,88.61,80.9,100,118.11,125.07,136.59,146.38,186.42,194.72,211.19
Zambia,0.01,0.01,0.01,0.01,0.01,0.02,0.03,0.06,0.08,0.14,0.28,0.54,1.44,3.51,6.35,8.29,10.31,12.92,15.11,17.82,23.63,29.61,35.36,41.58,49.78,58.07,66.51,75.14,83.14,87.76,100,111.12,118.88,130.45,137.54,146.7,166.61,182.01
Zimbabwe,0.01,0.01,0.02,0.02,0.02,0.02,0.03,0.03,0.04,0.05,0.06,0.09,0.18,0.39,1.16,2.54,6.31,8.25,9.30,15.13,26.37,31.64,39.01,46.03,52.79,60.78,68.27,74.12,85.56,89.07,100.00,114.09,127.03,136.35,145.50,149.10,160.57,184.20
